"company_name","account_number","country","reporting_year","ticker_symbol","isin","disclosure_score","performance_band","parent_account","permission","response_status","scope_1_metric_tonnes_co2e","scope_2_metric_tonnes_co2e","country_location"
"Cheung Kong","3188","Hong Kong","2012","1 HK","HK0001000014",,,,,"NR",,,"(22.396428, 114.109497)"
"Biogen Idec Inc.","1857","USA","2012","BIIB US","US09062X1037","84","B",,"Public","AQ*","46557","54589","(37.09024, -95.712891)"
"Reynolds American Inc.","15774","USA","2012","RAI US","US7617131062","63","D",,"Public","AQ*","113517","180735","(37.09024, -95.712891)"
"Danone","4311","France","2012","BN FP","FR0000120644","97","B",,"Public","AQ*","495998","811259","(46.227638, 2.213749)"
"Volvo","20273","Sweden","2012","VOLVB SS","SE0000115446","56","D",,"Not public","AQ*",,,"(60.128161, 18.643501)"
"Power Financial Corporation","14961","Canada","2012","PWF CN","CA73927C1005","73","D",,"Not public","AQ*",,,"(56.130366, -106.346771)"
"PepsiCo, Inc.","14605","USA","2012","PEP US","US7134481081","94","B",,"Public","AQ*","3980007","2016774","(37.09024, -95.712891)"
"ITC Limited","9535","India","2012","ITC IN","INE154A01025","82","B",,"Public","AQ*","1156677.72","160276.5","(20.593684, 78.96288)"
"Uralkali","20047","Russia","2012","URKA RU","RU0007661302",,,,"Public","DP",,,"(61.52401, 105.318756)"
"Imperial Tobacco Group","8884","United Kingdom","2012","IMT LN","GB0004544929","75","D",,"Public","AQ*","149714","160973","(55.378051, -3.435973)"
"3M Company","285","USA","2012","MMM US","US88579Y1010","68","C",,"Public","AQ*","4060000","2030000","(37.09024, -95.712891)"
"Canon Inc.","2688","Japan","2012","7751 JP","JP3242800005","85","B",,"Not public","AQ*",,,"(36.204824, 138.252924)"
"Wal Mart de Mexico","20332","Mexico","2012","WALMEXV MM","MXP810081010","69","C","Wal-Mart Stores, Inc.","Public","AQ*","741226","887178","(23.634501, -102.552784)"
"Procter & Gamble Company","15132","USA","2012","PG US","US7427181091","51","D",,"Public","AQ*","2906000","2923299","(37.09024, -95.712891)"
"State Street Corporation","17690","USA","2012","STT US","US8574771031","71","C",,"Public","AQ*","4890","139007","(37.09024, -95.712891)"
"Equity Residential","5798","USA","2012","EQR US","US29476L1070",,,,,"NR",,,"(37.09024, -95.712891)"
"CLP Holdings Limited","3503","Hong Kong","2012","2 HK","HK0002007356","92","B",,"Public","AQ*","44260000","190000","(22.396428, 114.109497)"
"Holcim Ltd","8525","Switzerland","2012","HOLN VX","CH0012214059","93","B",,"Public","AQ*","106567444","6487851","(46.818188, 8.227512)"
"LVMH","11063","France","2012","MC FP","FR0000121014","65","D",,"Public","AQ*","40890","272546","(46.227638, 2.213749)"
"Newmont Mining Corporation","13117","USA","2012","NEM US","US6516391066","92","C",,"Public","AQ*","4414205.63","1145553.1","(37.09024, -95.712891)"
"Aetna Inc.","356","USA","2012","AET US","US00817Y1082","38",,,"Public","AQ*","7178","54375","(37.09024, -95.712891)"
"TJX Companies, Inc.","19145","USA","2012","TJX US","US8725401090","97","B",,"Public","AQ*","58479","697280","(37.09024, -95.712891)"
"Cognizant Technology Solutions Corp.","3588","USA","2012","CTSH US","US1924461023","68","D",,"Public","AQ*","27829","144629","(37.09024, -95.712891)"
"Itaú Unibanco Holding S.A.","9578","Brazil","2012","ITUB4 BZ","BRITUBACNPR1","76","C",,"Public","AQ*","5915.6","24729.8","(-14.235004, -51.92528)"
"Saipem","16143","Italy","2012","SPM IM","IT0000068525","57","E",,"Not public","AQ*",,,"(41.87194, 12.56738)"
"The Coca-Cola Company","3564","USA","2012","KO US","US1912161007","96","B",,"Public","AQ*","2420996","1308327","(37.09024, -95.712891)"
"Li & Fung Limited","10686","Hong Kong","2012","494 HK","BMG5485F1692","74","B",,"Not public","AQ*",,,"(22.396428, 114.109497)"
"Great-West Lifeco Inc.","7690","Canada","2012","GWO CN","CA39138C1068",,,"Power Financial Corporation",,"SA",,,"(56.130366, -106.346771)"
"Airbus Group","21770","Netherlands","2012","AIR FP","NL0000235190","70","C",,"Public","AQ*","593529.5","455370.7","(52.132633, 5.291266)"
"Sberbank Rossii","16386","Russia","2012","SBER RM","RU0009029540",,,,,"NR",,,"(61.52401, 105.318756)"
"Sasol Limited","16366","South Africa","2012","SOL SJ","ZAE000006896","81","C",,"Public","AQ*","65469000","9308000","(-30.559482, 22.937506)"
"Barclays","1502","United Kingdom","2012","BARC LN","GB0031348658","92","B",,"Public","AQ*","51138","822893","(55.378051, -3.435973)"
"Denso Corporation","4566","Japan","2012","6902 JP","JP3551500006","61","D",,"Public","AQ*","581000","973000","(36.204824, 138.252924)"
"Viacom Inc.","20159","USA","2012","VIAB US","US92553P2011","21",,,"Not public","AQ*",,,"(37.09024, -95.712891)"
"Philip Morris International","14712","USA","2012","PM US","US7181721090","91","A",,"Public","AQ*","373641","400883","(37.09024, -95.712891)"
"E.I. du Pont de Nemours and Company","5115","USA","2012","DD US","US2635341090","94","B",,"Public","AQ*","14093100","5282400","(37.09024, -95.712891)"
"Express Scripts, Inc.","11623","USA","2012","ESRX US","US30219G1085",,,,,"SA",,,"(37.09024, -95.712891)"
"Standard Bank Group","17637","South Africa","2012","SBK SJ","ZAE000109815","74","D",,"Public","AQ*","9154","151036","(-30.559482, 22.937506)"
"Freeport-McMoRan Copper & Gold Inc.","23228","USA","2012","FCX US","US35671D8570","88","C",,"Public","AQ*","5358795","4582267","(37.09024, -95.712891)"
"AXA Group","1287","France","2012","CS FP","FR0000120628","88","A",,"Public","AQ*","56301","128346","(46.227638, 2.213749)"
"Swiss Re","18114","Switzerland","2012","SREN VX","CH0126881561","95","B",,"Public","AQ*","5100","12000","(46.818188, 8.227512)"
"Anglo American Platinum","777","South Africa","2012","AMS SJ","ZAE000013181","96","B",,"Public","AQ*","540537","5450076","(-30.559482, 22.937506)"
"Microsoft Corporation","11930","USA","2012","MSFT US","US5949181045","99","B",,"Public","AQ*","40848","1186492","(37.09024, -95.712891)"
"Nan Ya Plastics","12674","Taiwan","2012","1303 TT","TW0001303006",,,,,"NR",,,"(23.69781, 120.960515)"
"Novatek","13542","Russia","2012","NVTK RM","RU000A0DKVS5",,,,"Public","AQ*","1847596","70760","(61.52401, 105.318756)"
"Tesco","18574","United Kingdom","2012","TSCO LN","GB0008847096","91","B",,"Public","AQ*","1944344","3596445","(55.378051, -3.435973)"
"AstraZeneca","1104","United Kingdom","2012","AZN LN","GB0009895292","73","B",,"Public","AQ*","375002","262553","(55.378051, -3.435973)"
"AngloGold Ashanti","779","South Africa","2012","ANG SJ","ZAE000043485","78","C",,"Public","AQ*","1235000","3322000","(-30.559482, 22.937506)"
"KDDI Corporation","9995","Japan","2012","9433 JP","JP3496400007","75","D",,"Public","AQ*",,"971201","(36.204824, 138.252924)"
"Seven & I Holdings Co., Ltd.","16728","Japan","2012","3382 JP","JP3422950000","74","C",,"Public","AQ*","137972","2504070","(36.204824, 138.252924)"
"Bank of Communications","1454","China","2012","3328 HK","CNE100000205",,,,"Not public","AQ*",,,"(35.86166, 104.195397)"
"Amazon.com Inc.","658","USA","2012","AMZN US","US0231351067",,,,,"NR",,,"(37.09024, -95.712891)"
"Franklin Resources, Inc.","6684","USA","2012","BEN US","US3546131018","79","C",,"Public","AQ*","9018","31360","(37.09024, -95.712891)"
"Royal Bank of Scotland Group","15949","United Kingdom","2012","RBS LN","GB00B7T77214","89","B",,"Public","AQ*","71065","584372","(55.378051, -3.435973)"
"Christian Dior","3280","France","2012","CDI FP","FR0000130403","58","E",,"Public","AQ*","41274","275537","(46.227638, 2.213749)"
"Compass","3692","United Kingdom","2012","CPG LN","GB0005331532","51","D",,"Not public","AQ*",,,"(55.378051, -3.435973)"
"POSCO","14929","South Korea","2012","005490 KS","KR7005490008","94","B",,"Public","AQ*","74602000","3625000","(35.907757, 127.766922)"
"PTT Exploration & Production Public Company Limited","15294","Thailand","2012","PTTEP TB","TH0355A10Z04","62","D","PTT","Public","AQ*","2751322","1403","(15.870032, 100.992541)"
"GlaxoSmithKline","7374","United Kingdom","2012","GSK LN","GB0009252882","90","B",,"Public","AQ*","1016974","857256","(55.378051, -3.435973)"
"Unibail-Rodamco","19789","France","2012","UL FP","FR0000124711","79","B",,"Public","AQ*","18429","70493","(46.227638, 2.213749)"
"Ecolab Inc.","5154","USA","2012","ECL US","US2788651006","93","B",,"Public","AQ*","189202","88525","(37.09024, -95.712891)"
"Gazprom OAO","7047","Russia","2012","GAZP RM","RU0007661625","57","E",,"Public","AQ*","137184240",,"(61.52401, 105.318756)"
"American Tower Corp.","706","USA","2012","AMT US","US03027X1000",,,,"Not public","DP",,,"(37.09024, -95.712891)"
"Sysco Corporation","18155","USA","2012","SYY US","US8718291078",,,,,"NR",,,"(37.09024, -95.712891)"
"Banco Santander","1441","Spain","2012","SAN SM","ES0113900J37","79","C",,"Public","AQ*","30271.65","384574.3","(40.463667, -3.74922)"
"CBS Corp.","2942","USA","2012","CBS US","US1248572026","33",,,"Public","AQ*",,,"(37.09024, -95.712891)"
"McKesson Corporation","11585","USA","2012","MCK US","US58155Q1031",,,,,"NR",,,"(37.09024, -95.712891)"
"Svenska Handelsbanken","18061","Sweden","2012","SHBA SS","SE0000193120","71","C",,"Not public","AQ*",,,"(60.128161, 18.643501)"
"OGX Petróleo e Gás Participações S A","21460","Brazil","2012","OGXP3 BZ","BROGXPACNOR3",,,,"Public","DP",,,"(-14.235004, -51.92528)"
"Duke Energy Corporation","5052","USA","2012","DUK US","US26441C2044","59","C",,"Public","AQ*","85271807",,"(37.09024, -95.712891)"
"Hyundai Mobis","8713","South Korea","2012","012330 KS","KR7012330007","77","C",,"Public","AQ*","65255","291872","(35.907757, 127.766922)"
"Mitsubishi Corporation","12112","Japan","2012","8058 JP","JP3898400001","65","D",,"Public","AQ*","3205957","1910459","(36.204824, 138.252924)"
"Tingyi (Cayman Islands) Holdings","21584","Hong Kong","2012","322 HK","KYG8878S1030",,,,,"NR",,,"(22.396428, 114.109497)"
"Barrick Gold Corporation","1536","Canada","2012","ABX CN","CA0679011084","84","B",,"Public","AQ*","3004464","2026226","(56.130366, -106.346771)"
"Nokia Group","13360","Finland","2012","NOK1V FH","FI0009000681","98","A",,"Public","AQ*","18600","251800","(61.92411, 25.748151)"
"Bridgestone Corporation","2156","Japan","2012","5108 JP","JP3830800003","88","C",,"Not public","AQ*",,,"(36.204824, 138.252924)"
"Kimberly-Clark Corporation","10148","USA","2012","KMB US","US4943681035","74","D",,"Public","AQ*","2530334","3027447","(37.09024, -95.712891)"
"Apache Corporation","804","USA","2012","APA US","US0374111054","64","D",,"Public","AQ*","11760000","1340000","(37.09024, -95.712891)"
"Hitachi, Ltd.","8338","Japan","2012","6501 JP","JP3788600009","86","C",,"Public","AQ*","968128","3006119","(36.204824, 138.252924)"
"Vivendi SA","20319","France","2012","VIV FP","FR0000127771","57","E",,"Public","AQ*","48073","313020","(46.227638, 2.213749)"
"Wipro","20757","India","2012","WPRO IN","INE075A01022","95","B",,"Public","AQ*","65129","241966","(20.593684, 78.96288)"
"Empresas COPEC S.A.","3283","Chile","2012","COPEC CI","CLP7847L1080",,,,"Not public","AQ*",,,"(-35.675147, -71.542969)"
"FirstEnergy Corporation","6383","USA","2012","FE US","US3379321074",,,,"Not public","DP",,,"(37.09024, -95.712891)"
"The Travelers Companies, Inc.","19377","USA","2012","TRV US","US89417E1091","68","C",,"Public","AQ*","36254","42222","(37.09024, -95.712891)"
"Novo Nordisk A/S","13520","Denmark","2012","NOVOB DC","DK0060102614","90","B",,"Public","AQ*","41354","55372","(56.26392, 9.501785)"
"S.A.C.I. Falabella","16080","Chile","2012","FALAB CI","CLP3880F1085",,,,,"NR",,,"(-35.675147, -71.542969)"
"Heineken NV","8212","Netherlands","2012","HEIA NA","NL0000009165","88","B","Heineken Holding NV","Public","AQ*","1172887","765658","(52.132633, 5.291266)"
"Jardine Strategic","9707","Hong Kong","2012","JS SP","BMG507641022",,,,,"NR",,,"(22.396428, 114.109497)"
"WellPoint, Inc.","20595","USA","2012","WLP US","US94973V1070","69","C",,"Public","AQ*","7712","133658","(37.09024, -95.712891)"
"China Petroleum & Chemical Corporation","3242","China","2012","386 HK","CNE1000002Q2",,,,,"NR",,,"(35.86166, 104.195397)"
"Infosys Limited","9080","India","2012","INFO IN","INE009A01021","72","C",,"Public","AQ*","20294","158659","(20.593684, 78.96288)"
"Colgate Palmolive Company","3551","USA","2012","CL US","US1941621039","91","B",,"Public","AQ*","239524","427057","(37.09024, -95.712891)"
"PPL Corporation","14928","USA","2012","PPL US","US69351T1060",,,,"Not public","DP",,,"(37.09024, -95.712891)"
"CaixaBank","4081","Spain","2012","CABK SM","ES0140609019","85","B",,"Public","AQ*","1821","1310","(40.463667, -3.74922)"
"Progress Energy Inc.","15142","USA","2012","PGN US","US7432631056",,,"Duke Energy Corporation","Not public","DP",,,"(37.09024, -95.712891)"
"VTB Bank","20356","Russia","2012","VTBR RU","RU000A0JP5V6",,,,,"NR",,,"(61.52401, 105.318756)"
"Diageo Plc","4702","United Kingdom","2012","DGE LN","GB0002374006","98","A",,"Public","AQ*","596506","93757","(55.378051, -3.435973)"
"Societe Generale","17320","France","2012","GLE FP","FR0000130809","70","C",,"Public","AQ*","31630","160060","(46.227638, 2.213749)"
"Marathon Oil Corporation","11347","USA","2012","MRO US","US5658491064","55","D",,"Public","AQ*","2856000","903000","(37.09024, -95.712891)"
"BB&T Corporation","1610","USA","2012","BBT US","US0549371070",,,,"Not public","DP",,,"(37.09024, -95.712891)"
"Hong Kong & China Gas","8558","Hong Kong","2012","3 HK","HK0003000038",,,,,"NR",,,"(22.396428, 114.109497)"
"Mitsui & Co., Ltd.","12272","Japan","2012","8031 JP","JP3893600001","69","C",,"Not public","AQ*",,,"(36.204824, 138.252924)"
"Toyota Motor Corporation","19290","Japan","2012","7203 JP","JP3633400001","81","C",,"Public","AQ*","2809000","4415000","(36.204824, 138.252924)"
"CSL","4052","Australia","2012","CSL AU","AU000000CSL8","60","D",,"Public","AQ*","52800","133700","(-25.274398, 133.775136)"
"SingTel","13899","Singapore","2012","ST SP","SG1T75931496",,,,"Public","IN",,,"(1.352083, 103.819836)"
"Capital One Financial","2695","USA","2012","COF US","US14040H1059","67","D",,"Public","AQ*","15166","201041","(37.09024, -95.712891)"
"CSX Corporation","4120","USA","2012","CSX US","US1264081035","95","B",,"Public","AQ*","5397577","318864","(37.09024, -95.712891)"
"Sumitomo Corporation","17848","Japan","2012","8053 JP","JP3404600003","69","C",,"Not public","AQ*",,,"(36.204824, 138.252924)"
"CME Group Inc.","3532","USA","2012","CME US","US12572Q1058",,,,,"NR",,,"(37.09024, -95.712891)"
"International Power","9342","United Kingdom","2012","IPR LN","GB0006320161",,,"GDF Suez",,"SA",,,"(55.378051, -3.435973)"
"Telefonica","18427","Spain","2012","TEF SM","ES0178430E18","92","B",,"Public","AQ*","111516.39","1615528","(40.463667, -3.74922)"
"ABB","282","Switzerland","2012","ABBN VX","CH0012221716","76","D",,"Public","AQ*","722000","786000","(46.818188, 8.227512)"
"Kumba Iron Ore","10350","South Africa","2012","KIO SJ","ZAE000085346","88","C","Anglo American","Public","AQ*","387813","519329","(-30.559482, 22.937506)"
"Nippon Steel & Sumitomo Metal Corporation","13338","Japan","2012","5401 JP","JP3381000003","86","C",,"Not public","AQ*",,,"(36.204824, 138.252924)"
"BOC Hong Kong","1957","Hong Kong","2012","2388 HK","HK2388011192",,,,,"NR",,,"(22.396428, 114.109497)"
"H.J. Heinz Company","8218","USA","2012","HNZ US","US4230741039","89","B",,"Public","AQ*","507796","356134","(37.09024, -95.712891)"
"Newcrest Mining","13115","Australia","2012","NCM AU","AU000000NCM7","58","E",,"Public","AQ*","1483302","758481","(-25.274398, 133.775136)"
"Mitsubishi UFJ Financial Group, Inc.","12271","Japan","2012","8306 JP","JP3902900004","78","B",,"Public","AQ*","19832","205761","(36.204824, 138.252924)"
"Imperial Oil","8886","Canada","2012","IMO CN","CA4530384086","61","D",,"Public","AQ*","10285400","1377800","(56.130366, -106.346771)"
"Total","19257","France","2012","FP FP","FR0000120271","76","B",,"Public","AQ*","46300000","5500000","(46.227638, 2.213749)"
"AFLAC Incorporated","362","USA","2012","AFL US","US0010551028","82","B",,"Public","AQ*","4585","21188","(37.09024, -95.712891)"
"Itausa Investimentos Itau S.A.","9577","Brazil","2012","ITSA4 BZ","BRITSAACNPR7","84","B","Itaú Unibanco Holding S.A.","Public","AQ*","353567.48","124674.03","(-14.235004, -51.92528)"
"Bayer AG","1581","Germany","2012","BAYN GR","DE000BAY0017","100","A",,"Public","AQ*","4230000","3920000","(51.165691, 10.451526)"
"Samsung Electronics","16191","South Korea","2012","005930 KS","KR7005930003","96","B",,"Public","AQ*","4045113","7258865","(35.907757, 127.766922)"
"CNOOC","3527","China","2012","883 HK","HK0883013259","33",,,"Not public","AQ*",,,"(35.86166, 104.195397)"
"The Chubb Corporation","3293","USA","2012","CB US","US1712321017","58","D",,"Public","AQ*","1767","13500","(37.09024, -95.712891)"
"Linde AG","22158","Germany","2012","LIN GR","DE0006483001","93","B",,"Public","AQ*","6700000","10200000","(51.165691, 10.451526)"
"Canadian Imperial Bank of Commerce (CIBC)","2683","Canada","2012","CM CN","CA1360691010","68","C",,"Public","AQ*","23360","49126","(56.130366, -106.346771)"
"Google Inc.","7616","USA","2012","GOOG US","US38259P5089","95","B",,"Public","AQ*","29563","1439703","(37.09024, -95.712891)"
"Sands China LTD","31550","Hong Kong","2012","1928 HK","KYG7800X1079",,,,,"NR",,,"(22.396428, 114.109497)"
"Honeywell International Inc.","8553","USA","2012","HON US","US4385161066","22",,,"Public","AQ*","5931000","2274000","(37.09024, -95.712891)"
"Rio Tinto","15829","United Kingdom","2012","RIO LN","GB0007188757","82","C",,"Public","AQ*","27500000","17200000","(55.378051, -3.435973)"
"Chevron Corporation","3191","USA","2012","CVX US","US1667641005","88","B",,"Public","AQ*","61346995","4561010","(37.09024, -95.712891)"
"Pernod Ricard","14562","France","2012","RI FP","FR0000120693","61","E",,"Not public","AQ*",,,"(46.227638, 2.213749)"
"Naspers","12789","South Africa","2012","NPN SJ","ZAE000015889",,,,"Not public","DP",,,"(-30.559482, 22.937506)"
"Kia Motors","10076","South Korea","2012","000270 KS","KR7000270009",,,,,"NR",,,"(35.907757, 127.766922)"
"Praxair, Inc.","15027","USA","2012","PX US","US74005P1049","95","A-",,"Public","AQ*","5073000","10933000","(37.09024, -95.712891)"
"Antofagasta","820","United Kingdom","2012","ANTO LN","GB0000456144","64","E",,"Public","AQ*","565718","1318158","(55.378051, -3.435973)"
"AT&T Inc.","1113","USA","2012","T US","US00206R1023","95","B",,"Public","AQ*","1007201","8071070","(37.09024, -95.712891)"
"El Paso Corporation","5354","USA","2012","EP US","US28336L1098",,,,"Not public","DP",,,"(37.09024, -95.712891)"
"Shire","22797","Ireland","2012","SHP LN","JE00B2QKY057","77","D",,"Public","AQ*","28114.89","36439.33","(53.41291, -8.24389)"
"Morgan Stanley","12406","USA","2012","MS US","US6174464486","92","B",,"Public","AQ*","14903","366830","(37.09024, -95.712891)"
"BlackRock","1875","USA","2012","BLK US","US09247X1019","55","E",,"Not public","AQ*",,,"(37.09024, -95.712891)"
"Target Corporation","18320","USA","2012","TGT US","US87612E1064","87","B",,"Public","AQ*","476783","2598661","(37.09024, -95.712891)"
"General Electric Company","7166","USA","2012","GE US","US3696041033","73","C",,"Public","AQ*","2180000","2910000","(37.09024, -95.712891)"
"State Bank of India","22352","India","2012","SBIN IN","INE062A01012","19",,,"Public","AQ*",,,"(20.593684, 78.96288)"
"Telefonica Brasil S.A.","36639","Brazil","2012","VIVT4 BZ","BRVIVTACNPR7",,,"Telefonica",,"SA",,,"(-14.235004, -51.92528)"
"Lukoil","11043","Russia","2012","LKOH RU","RU0009024277",,,,,"NR",,,"(61.52401, 105.318756)"
"Amgen, Inc.","716","USA","2012","AMGN US","US0311621009","75","B",,"Public","AQ*","126233","274718","(37.09024, -95.712891)"
"Danaher Corporation","4289","USA","2012","DHR US","US2358511028","16",,,"Not public","AQ*",,,"(37.09024, -95.712891)"
"Enbridge Inc.","5581","Canada","2012","ENB CN","CA29250N1050","84","C",,"Public","AQ*","1641028","3005321","(56.130366, -106.346771)"
"ASML Holding","1048","Netherlands","2012","ASML NA","NL0010273215",,,,"Not public","DP",,,"(52.132633, 5.291266)"
"Caterpillar Inc.","2918","USA","2012","CAT US","US1491231015",,,,"Not public","DP",,,"(37.09024, -95.712891)"
"UPS","19898","USA","2012","UPS US","US9113121068","99","B",,"Public","AQ*","11980892","891430","(37.09024, -95.712891)"
"Hyundai Motor","8708","South Korea","2012","005380 KS","KR7005380001","88","B",,"Public","AQ*","821374","1462421","(35.907757, 127.766922)"
"Walt Disney Company","20384","USA","2012","DIS US","US2546871060","53","D",,"Public","AQ*","661493","863344","(37.09024, -95.712891)"
"Jardine Matheson","9728","Hong Kong","2012","JM SP","BMG507361001",,,,,"NR",,,"(22.396428, 114.109497)"
"Glencore International AG","35349","Switzerland","2012","GLEN LN","JE00B4T3BW64","64","E",,"Not public","AQ*",,,"(46.818188, 8.227512)"
"Raytheon Company","15541","USA","2012","RTN US","US7551115071","90","B",,"Public","AQ*","95700","470505","(37.09024, -95.712891)"
"Berkshire Hathaway","1718","USA","2012","BRK/B US","US0846707026",,,,,"NR",,,"(37.09024, -95.712891)"
"Tencent Holdings","18544","Hong Kong","2012","700 HK","KYG875721485",,,,,"NR",,,"(22.396428, 114.109497)"
"Centrica","3042","United Kingdom","2012","CNA LN","GB00B033F229","96","B",,"Public","AQ*","7564949","131624","(55.378051, -3.435973)"
"Otsuka Holdings Co., Ltd.","31907","Japan","2012","4578 JT","JP3188220002",,,,,"NR",,,"(36.204824, 138.252924)"
"Unilever Indonesia","22091","Indonesia","2012","UNVR IJ","ID1000095706",,,"Unilever plc",,"SA",,,"(-0.789275, 113.921327)"
"Woodside Petroleum","20771","Australia","2012","WPL AU","AU000000WPL2","79","B",,"Public","AQ*","7890419","8184","(-25.274398, 133.775136)"
"Twenty-First Century Fox","13126","USA","2012","FOX US",,"95","B",,"Public","AQ*","76548","401005","(37.09024, -95.712891)"
"Occidental Petroleum Corporation","13649","USA","2012","OXY US","US6745991058","60","D",,"Public","AQ*","12200000","6900000","(37.09024, -95.712891)"
"Medtronic, Inc.","11651","USA","2012","MDT US","US5850551061","49",,,"Public","AQ*","23596","217148","(37.09024, -95.712891)"
"HSBC Holdings plc","8611","United Kingdom","2012","HSBA LN","GB0005405286","86","B",,"Public","AQ*","73721","725344","(55.378051, -3.435973)"
"Nordea Bank","13400","Sweden","2012","NDA SS","SE0000427361","91","B",,"Public","AQ*","34","50199","(60.128161, 18.643501)"
"eBay Inc.","5197","USA","2012","EBAY US","US2786421030","72","D",,"Public","AQ*","15079","189870","(37.09024, -95.712891)"
"SSE","16558","United Kingdom","2012","SSE LN","GB0007908733","90","B",,"Public","AQ*","24791474","1403430","(55.378051, -3.435973)"
"Air Products & Chemicals, Inc.","435","USA","2012","APD US","US0091581068","95","B",,"Public","AQ*","14440000","9878817","(37.09024, -95.712891)"
"Gas Natural SDG SA","7084","Spain","2012","GAS SM","ES0116870314","99","A",,"Public","AQ*","23177862.46","953498.4","(40.463667, -3.74922)"
"Seadrill Management Ltd","16585","Norway","2012","SDRL NO","BMG7945E1057","55","E",,"Not public","AQ*",,,"(60.472024, 8.468946)"
"Bank of Montreal","1417","Canada","2012","BMO CN","CA0636711016","91","A",,"Public","AQ*","21150.52","65602.89","(56.130366, -106.346771)"
"PTT","15297","Thailand","2012","PTT TB","TH0646010007","63","D",,"Not public","AQ*",,,"(15.870032, 100.992541)"
"EOG Resources, Inc.","5767","USA","2012","EOG US","US26875P1012",,,,"Not public","DP",,,"(37.09024, -95.712891)"
"Dell Inc.","4433","USA","2012","DELL US","US24702R1014","81","B",,"Public","AQ*","38672","397558","(37.09024, -95.712891)"
"Synthes Inc.","18142","Switzerland","2012","SYST VX","US87162M4096",,,,,"NR",,,"(46.818188, 8.227512)"
"Zurich Insurance Group","21064","Switzerland","2012","ZURN VX","CH0011075394","63","D",,"Not public","AQ*",,,"(46.818188, 8.227512)"
"Chow Tai Fook Jewellery Group","37377","Hong Kong","2012","1929 HK","KYG211461085",,,,,"NR",,,"(22.396428, 114.109497)"
"Orange","6764","France","2012","ORA FP","FR0000133308","89","A",,"Public","AQ*","392552","970091","(46.227638, 2.213749)"
"Verizon Communications Inc.","20175","USA","2012","VZ US","US92343V1044","66","B",,"Public","AQ*","533459.79","5216554.69","(37.09024, -95.712891)"
"JPMorgan Chase & Co.","9871","USA","2012","JPM US","US46625H1005","89","B",,"Public","AQ*","92413","1231178","(37.09024, -95.712891)"
"Westfield Group","20629","Australia","2012","WDC AU","AU000000WDC7","78","D",,"Public","AQ*","31126","479785","(-25.274398, 133.775136)"
"Compagnie Financière Richemont SA","3672","Switzerland","2012","CFR VX","CH0045039655","79","C",,"Not public","AQ*",,,"(46.818188, 8.227512)"
"Husky Energy Inc.","8675","Canada","2012","HSE CN","CA4480551031","70","D",,"Public","AQ*","8490499","1448114","(56.130366, -106.346771)"
"PG&E Corporation","14678","USA","2012","PCG US","US69331C1080","93","B",,"Public","AQ*","3618015","1138434","(37.09024, -95.712891)"
"BRF S.A","21473","Brazil","2012","BRFS3 BZ","BRBRFSACNOR8","62","D",,"Not public","AQ*",,,"(-14.235004, -51.92528)"
"General Mills Inc.","7156","USA","2012","GIS US","US3703341046","68","C",,"Public","AQ*","271000","723000","(37.09024, -95.712891)"
"Vodacom Group","22902","South Africa","2012","VOD SJ","ZAE000132577","88","B",,"Public","AQ*","46680.23","384291.71","(-30.559482, 22.937506)"
"Westpac Banking Corporation","19051","Australia","2012","WBC AU","AU000000WBC1","83","A",,"Public","AQ*","21463","179662","(-25.274398, 133.775136)"
"Hermes International","8264","France","2012","RMS FP","FR0000052292",,,,"Not public","DP",,,"(46.227638, 2.213749)"
"Central Japan Railway Company","3021","Japan","2012","9022 JP","JP3566800003","22",,,"Not public","AQ*",,,"(36.204824, 138.252924)"
"Siemens Aktiengesellschaft","16919","Germany","2012","SIE GR","DE0007236101","98","A-",,"Public","AQ*","1263000","1841000","(51.165691, 10.451526)"
"Tyco International","19582","Switzerland","2012","TYC US","CH0100383485","48",,,"Not public","AQ*",,,"(46.818188, 8.227512)"
"Express Scripts Holding Company","11623","USA","2012","MHS US","US58405U1025","48",,,"Public","AQ*","5370","71875","(37.09024, -95.712891)"
"Altria Group, Inc.","628","USA","2012","MO US","US02209S1033","71","C",,"Public","AQ*","279395","267808","(37.09024, -95.712891)"
"Costco Wholesale Corporation","3944","USA","2012","COST US","US22160K1051","39",,,"Public","AQ*","363805","1197983","(37.09024, -95.712891)"
"Automatic Data Processing, Inc.","1203","USA","2012","ADP US","US0530151036","71","D",,"Public","AQ*","17300","146000","(37.09024, -95.712891)"
"Royal Bank of Canada","15980","Canada","2012","RY CN","CA7800871021",,,,"Public","IN",,,"(56.130366, -106.346771)"
"Cummins India","4134","India","2012","KKC IN","INE298A01020",,,"Cummins Inc.",,"SA",,,"(20.593684, 78.96288)"
"BNY Mellon","1464","USA","2012","BK US","US0640581007","90","B",,"Public","AQ*","9490","230078","(37.09024, -95.712891)"
"Corning Incorporated","23254","USA","2012","GLW US","US2193501051","42",,,"Public","AQ*","371844","1053862","(37.09024, -95.712891)"
"PNC Financial Services Group, Inc.","14830","USA","2012","PNC US","US6934751057","84","C",,"Public","AQ*","49257","380124","(37.09024, -95.712891)"
"Industrias Peñoles","9065","Mexico","2012","PE&OLES* MM","MXP554091415","37",,,"Public","AQ*","674544","936419","(23.634501, -102.552784)"
"China Mobile","3229","China","2012","941 HK","HK0941009539",,,,"Not public","AQ*",,,"(35.86166, 104.195397)"
"Intesa Sanpaolo S.p.A","9363","Italy","2012","ISP IM","IT0000072618","91","A",,"Public","AQ*","55058","242700","(41.87194, 12.56738)"
"Abbott Laboratories","64","USA","2012","ABT US","US0028241000","80","B",,"Public","AQ*","834000","822000","(37.09024, -95.712891)"
"Kyocera Corporation","10375","Japan","2012","6971 JP","JP3249600002","56","E",,"Not public","AQ*",,,"(36.204824, 138.252924)"
"QUALCOMM Inc.","15419","USA","2012","QCOM US","US7475251036","59","D",,"Public","AQ*","63300.3","50614.8","(37.09024, -95.712891)"
"H&M Hennes & Mauritz AB","7903","Sweden","2012","HMB SS","SE0000106270","61","D",,"Public","AQ*","17543","324958","(60.128161, 18.643501)"
"Nintendo Co., Ltd.","13302","Japan","2012","7974 JT","JP3756600007",,,,"Public","IN",,,"(36.204824, 138.252924)"
"SoftBank Corporation","17344","Japan","2012","9984 JP","JP3436100006",,,,,"NR",,,"(36.204824, 138.252924)"
"MTN Group","12546","South Africa","2012","MTN SJ","ZAE000042164","69","C",,"Public","AQ*","536541","407492","(-30.559482, 22.937506)"
"Sumitomo Mitsui Financial Group","17899","Japan","2012","8316 JP","JP3890350006","78","C",,"Not public","AQ*",,,"(36.204824, 138.252924)"
"Tata Consultancy Services","18287","India","2012","TCS IN","INE467B01029","78","C",,"Public","AQ*","34219","300803","(20.593684, 78.96288)"
"Telekomunikasi Indonesia","18439","Indonesia","2012","TLKM IJ","ID1000129000",,,,,"NR",,,"(-0.789275, 113.921327)"
"Endesa","5584","Spain","2012","ELE SM","ES0130670112","92","C","ENEL SpA","Public","AQ*","50694969","351786","(40.463667, -3.74922)"
"Archer Daniels Midland","912","USA","2012","ADM US","US0394831020",,,,"Not public","AQ*",,,"(37.09024, -95.712891)"
"Assicurazioni Generali Spa","1076","Italy","2012","G IM","IT0000062072","80","B",,"Public","AQ*","18215.6","51944.4","(41.87194, 12.56738)"
"DIRECTV","4773","USA","2012","DTV US","US25490A3095","91","B",,"Public","AQ*","120873","81792","(37.09024, -95.712891)"
"Kraft Foods","10312","USA","2012","KRFT US","US50076Q1067","84","B",,"Public","AQ*","1634473","1705618","(37.09024, -95.712891)"
"Banco do Brasil S/A","1405","Brazil","2012","BBAS3 BZ","BRBBASACNOR3","57","E",,"Public","AQ*","5822","20176","(-14.235004, -51.92528)"
"Eli Lilly & Co.","5377","USA","2012","LLY US","US5324571083","65","C",,"Public","AQ*","409871","1119833","(37.09024, -95.712891)"
"Manulife Financial Corp.","11332","Canada","2012","MFC CN","CA56501R1064","57","C",,"Not public","AQ*",,,"(56.130366, -106.346771)"
"Becton, Dickinson and Co.","1639","USA","2012","BDX US","US0758871091","59","D",,"Public","AQ*","79454","447426","(37.09024, -95.712891)"
"Ford Motor Company","6595","USA","2012","F US","US3453708600","72","C",,"Public","AQ*","1559240","3535959","(37.09024, -95.712891)"
"Monsanto Company","12330","USA","2012","MON US","US61166W1018","40",,,"Public","AQ*","1389817","1144031","(37.09024, -95.712891)"
"American Electric Power Company, Inc.","689","USA","2012","AEP US","US0255371017","76","C",,"Public","AQ*","135671200",,"(37.09024, -95.712891)"
"Thermo Fisher Scientific Inc.","19016","USA","2012","TMO US","US8835561023","69","D",,"Public","AQ*","68804","308736","(37.09024, -95.712891)"
"DNB ASA","21537","Norway","2012","DNB NO","NO0010031479","68","E",,"Public","AQ*","1292.3","10300.3","(60.472024, 8.468946)"
"RWE AG","16036","Germany","2012","RWE GR","DE0007037129","78","B",,"Public","AQ*","163800000","2420000","(51.165691, 10.451526)"
"Fanuc Corporation","6204","Japan","2012","6954 JP","JP3802400006",,,,,"NR",,,"(36.204824, 138.252924)"
"Takeda Pharmaceutical Company Limited","18316","Japan","2012","4502 JP","JP3463000004","70","C",,"Public","AQ*","171978","167664","(36.204824, 138.252924)"
"General Dynamics Corporation","7147","USA","2012","GD US","US3695501086",,,,"Public","IN",,,"(37.09024, -95.712891)"
"Spectra Energy Corp","17527","USA","2012","SE US","US8475601097","95","B",,"Public","AQ*","9244770","955540","(37.09024, -95.712891)"
"Anadarko Petroleum Corporation","745","USA","2012","APC US","US0325111070","70","D",,"Public","AQ*","2371282",,"(37.09024, -95.712891)"
"Banco Bradesco S/A","1395","Brazil","2012","BBDC4 BZ","BRBBDCACNPR8","63","E",,"Public","AQ*","3477.76","12143.19","(-14.235004, -51.92528)"
"Merck & Co., Inc.","11765","USA","2012","MRK US","US58933Y1055","83","B",,"Public","AQ*","1135597","951450","(37.09024, -95.712891)"
"Mitsubishi Estate Co., Ltd.","12145","Japan","2012","8802 JP","JP3899600005","21",,,"Not public","AQ*",,,"(36.204824, 138.252924)"
"Baxter International Inc.","1574","USA","2012","BAX US","US0718131099","77","C",,"Public","AQ*","336000","458000","(37.09024, -95.712891)"
"Coach, Inc.","3546","USA","2012","COH US","US1897541041",,,,"Public","IN",,,"(37.09024, -95.712891)"
"Marsh & McLennan Companies, Inc.","11383","USA","2012","MMC US","US5717481023","91","B",,"Public","AQ*","126.69","99842.02","(37.09024, -95.712891)"
"Grupo Mexico S.A.B. de CV","7834","Mexico","2012","GMEXICOB MM","MXP370841019",,,,,"NR",,,"(23.634501, -102.552784)"
"Kering","14930","France","2012","KER FP","FR0000121485","58","D",,"Public","AQ*","13273","104737","(46.227638, 2.213749)"
"Annaly Capital Management","31489","USA","2012","NLY US","US0357104092",,,,,"NR",,,"(37.09024, -95.712891)"
"Sun Hung Kai Props","17894","Hong Kong","2012","16 HK","HK0016000132",,,,,"NR",,,"(22.396428, 114.109497)"
"BMW AG","1932","Germany","2012","BMW GR","DE0005190003","99","A",,"Public","AQ*","450829","956026","(51.165691, 10.451526)"
"Shinhan Financial Group","16891","South Korea","2012","055550 KS","KR7055550008","78","C",,"Public","AQ*","3868","32897","(35.907757, 127.766922)"
"Allianz SE","593","Germany","2012","ALV GR","DE0008404005","97","A","Allianz Group","Public","AQ*","70150","258733","(51.165691, 10.451526)"
"Thomson Reuters Corporation","19075","USA","2012","TRI US","CA8849031056","61","D",,"Not public","AQ*",,,"(37.09024, -95.712891)"
"SANOFI","16299","France","2012","SAN FP","FR0000120578","93","B",,"Public","AQ*","756642","799828","(46.227638, 2.213749)"
"Bank of Nova Scotia (Scotiabank)","1470","Canada","2012","BNS CN","CA0641491075","82","B",,"Public","AQ*","15027","97321","(56.130366, -106.346771)"
"Nippon Telegraph & Telephone Corporation (NTT)","13298","Japan","2012","9432 JP","JP3735400008","61","E",,"Public","AQ*","267000","3558000","(36.204824, 138.252924)"
"Deutsche Post AG","4663","Germany","2012","DPW GR","DE0005552004","97","B",,"Public","AQ*","4700000","900000","(51.165691, 10.451526)"
"Yum! Brands, Inc.","20917","USA","2012","YUM US","US9884981013","85","B",,"Public","AQ*","83397","2350100","(37.09024, -95.712891)"
"Bank Mandiri","22129","Indonesia","2012","BMRI IJ","ID1000095003",,,,,"NR",,,"(-0.789275, 113.921327)"
"UnitedHealth Group Inc","19858","USA","2012","UNH US","US91324P1021","66","D",,"Public","AQ*","10155","112156","(37.09024, -95.712891)"
"PETROCHINA Company Limited","14653","China","2012","857 HK","CNE1000003W8",,,,"Public","AQ*",,,"(35.86166, 104.195397)"
"Industrial And Commercial Bank Of China Limited","9039","China","2012","601398 CH","CNE000001P37",,,,"Not public","AQ*",,,"(35.86166, 104.195397)"
"Formosa Petrochemical","6602","Taiwan","2012","6505 TT","TW0006505001",,,"Formosa Plastics Corp",,"NR",,,"(23.69781, 120.960515)"
"Precision Castparts Corp.","15040","USA","2012","PCP US","US7401891053",,,,,"NR",,,"(37.09024, -95.712891)"
"Canadian National Railway Company","2656","Canada","2012","CNR CN","CA1363751027","77","C",,"Public","AQ*","4797401","172005","(56.130366, -106.346771)"
"EDF","5369","France","2012","EDF FP","FR0010242511","87","B",,"Public","AQ*","70935790","81172","(46.227638, 2.213749)"
"Fresnillo plc","6806","Mexico","2012","FRES LN","GB00B2QPKJ12","61","E",,"Public","AQ*","285788","414552","(23.634501, -102.552784)"
"Starbucks Corporation","17652","USA","2012","SBUX US","US8552441094","81","B",,"Public","AQ*","228505","751457","(37.09024, -95.712891)"
"Exelon Corporation","6113","USA","2012","EXC US","US30161N1019","94","A",,"Public","AQ*","6600286","5541932","(37.09024, -95.712891)"
"Cisco Systems, Inc.","3329","USA","2012","CSCO US","US17275R1023","96","B",,"Public","AQ*","60382","610832","(37.09024, -95.712891)"
"Honda Motor Company","8566","Japan","2012","7267 JP","JP3854600008","96","B",,"Public","AQ*","1240000","2960000","(36.204824, 138.252924)"
"Lowe's Companies, Inc.","11017","USA","2012","LOW US","US5486611073","83","C",,"Public","AQ*","292747","2605669","(37.09024, -95.712891)"
"Syngenta International AG","18141","Switzerland","2012","SYNN VX","CH0011037469","84","B",,"Public","AQ*","578000","374000","(46.818188, 8.227512)"
"British Sky Broadcasting","2302","United Kingdom","2012","BSY LN","GB0001411924","86","B",,"Public","AQ*","22744","90345","(55.378051, -3.435973)"
"SABMiller","16101","United Kingdom","2012","SAB LN","GB0004835483","68","C",,"Public","AQ*","1410135","783073","(55.378051, -3.435973)"
"Iberdrola SA","8698","Spain","2012","IBE SM","ES0144580Y14","95","A",,"Public","AQ*","36193156","5188706","(40.463667, -3.74922)"
"Reckitt Benckiser","15591","United Kingdom","2012","RB/ LN","GB00B24CGK77","93","A",,"Public","AQ*","94406","195271","(55.378051, -3.435973)"
"Toshiba Corporation","19197","Japan","2012","6502 JP","JP3592200004","88","C",,"Public","AQ*","822000","1720000","(36.204824, 138.252924)"
"BP","2083","United Kingdom","2012","BP/ LN","GB0007980591","75","C",,"Public","AQ*","61820000","8970000","(55.378051, -3.435973)"
"AIA Group Ltd.","36633","Hong Kong","2012","1299 HK","HK0000069689",,,,"Not public","DP",,,"(22.396428, 114.109497)"
"Intuit Inc.","9366","USA","2012","INTU US","US4612021034","73","D",,"Public","AQ*","6769","39494","(37.09024, -95.712891)"
"Norfolk Southern Corp.","13425","USA","2012","NSC US","US6558441084","88","B",,"Public","AQ*","5127985","277067","(37.09024, -95.712891)"
"Atlas Copco","1144","Sweden","2012","ATCOA SS","SE0000101032","76","D",,"Public","AQ*","28179","97822","(60.128161, 18.643501)"
"Tenaris S.A.","22531","Luxembourg","2012","TEN IM","LU0156801721",,,,,"NR",,,"(49.815273, 6.129583)"
"CenturyLink","31497","USA","2012","CTL US","US1567001060","61","E",,"Public","AQ*","190204","1616601","(37.09024, -95.712891)"
"National Australia Bank","12798","Australia","2012","NAB AU","AU000000NAB4","91","A",,"Public","AQ*","25688","174437","(-25.274398, 133.775136)"
"Lloyds Banking Group","10781","United Kingdom","2012","LLOY LN","GB0008706128","85","B",,"Public","AQ*","57179","321698","(55.378051, -3.435973)"
"Hang Seng Bank","8057","Hong Kong","2012","11 HK","HK0011000095","30",,"HSBC Holdings plc","Public","AQ*",,"23620","(22.396428, 114.109497)"
"Vodafone Group","20316","United Kingdom","2012","VOD LN","GB00B16GWD56","73","C",,"Public","AQ*","358691","2111294","(55.378051, -3.435973)"
"Schneider Electric","16423","France","2012","SU FP","FR0000121972","92","A",,"Public","AQ*","122688","360044","(46.227638, 2.213749)"
"Woolworths Limited","20780","Australia","2012","WOW AU","AU000000WOW2","93","B",,"Public","AQ*","398653","2531027","(-25.274398, 133.775136)"
"Potash Corporation of Saskatchewan Inc.","14943","Canada","2012","POT CN","CA73755L1076","68","D",,"Public","AQ*","8512800","1700000","(56.130366, -106.346771)"
"Roche Holding AG","15841","Switzerland","2012","ROG VX","CH0012032048","75","B",,"Public","AQ*","444823","418177","(46.818188, 8.227512)"
"China Construction Bank","3182","China","2012","939 HK","CNE1000002H1",,,,"Not public","AQ*",,,"(35.86166, 104.195397)"
"NTT DOCOMO, INC.","13575","Japan","2012","9437 JP","JP3165650007","58","D",,"Public","AQ*","92277","1174314","(36.204824, 138.252924)"
"Deere & Company","4365","USA","2012","DE US","US2441991054","76","C",,"Public","AQ*","420019","1041067","(37.09024, -95.712891)"
"Hess Corporation","8274","USA","2012","HES US","US42809H1077","97","B",,"Public","AQ*","8509069","547837","(37.09024, -95.712891)"
"Carrefour","2880","France","2012","CA FP","FR0000120172","68","D",,"Public","AQ*","1978000","1871000","(46.227638, 2.213749)"
"Wal-Mart Stores, Inc.","20402","USA","2012","WMT US","US9311421039","86","B",,"Public","AQ*","5804559","15660871","(37.09024, -95.712891)"
"BG Group","1785","United Kingdom","2012","BG/ LN","GB0008762899","89","B",,"Public","AQ*","7507395","18015","(55.378051, -3.435973)"
"Inpex Corporation","9134","Japan","2012","1605 JP","JP3294460005","69","D",,"Public","AQ*","466568","22240","(36.204824, 138.252924)"
"Japan Tobacco Inc.","9712","Japan","2012","2914 JP","JP3726800000","83","B",,"Not public","AQ*",,,"(36.204824, 138.252924)"
"East Japan Railway Company","5145","Japan","2012","9020 JP","JP3783600004","45",,,"Not public","AQ*",,,"(36.204824, 138.252924)"
"Goldcorp Inc.","7582","Canada","2012","G CN","CA3809564097","71","C",,"Public","AQ*","667800","743900","(56.130366, -106.346771)"
"China Unicom","3248","Hong Kong","2012","762 HK","HK0000049939",,,,"Not public","AQ*",,,"(22.396428, 114.109497)"
"Oversea-Chinese Banking","21402","Singapore","2012","OCBC SP","SG1S04926220","5",,,"Public","AQ*",,,"(1.352083, 103.819836)"
"Unilever plc","19829","United Kingdom","2012","ULVR LN","GB00B10RZP78","84","A",,"Public","AQ*","1048797","1443174","(55.378051, -3.435973)"
"Covidien Ltd.","3943","Ireland","2012","COV US","IE00B68SQD29","51","E",,"Public","AQ*","215032.77","429378.73","(53.41291, -8.24389)"
"Sony Corporation","17367","Japan","2012","6758 JP","JP3435000009","97","B",,"Public","AQ*","353977","1271373","(36.204824, 138.252924)"
"Malayan Banking","11289","Malaysia","2012","MAY MK","MYL1155OO000","58","D",,"Not public","AQ*",,,"(4.210484, 101.975766)"
"Tullow Oil","19589","United Kingdom","2012","TLW LN","GB0001500809","44",,,"Public","AQ*","1376587.72","153.23","(55.378051, -3.435973)"
"Housing Development Finance Corporation","8594","India","2012","HDFC IN","INE001A01036",,,,,"NR",,,"(20.593684, 78.96288)"
"Sime Darby Bhd","17053","Malaysia","2012","SIME MK","MYL4197OO009","51","D",,"Not public","AQ*",,,"(4.210484, 101.975766)"
"Nestlé","12942","Switzerland","2012","NESN VX","CH0038863350","100","A",,"Public","AQ*","3806467","3233547","(46.818188, 8.227512)"
"CVS Caremark Corporation","4151","USA","2012","CVS US","US1266501006","82","D",,"Public","AQ*","216456","1572334","(37.09024, -95.712891)"
"MTR Corporation","12552","Hong Kong","2012","66 HK","HK0066009694","91","C",,"Public","AQ*","39543","1156630","(22.396428, 114.109497)"
"Hutchison Whampoa","8682","Hong Kong","2012","13 HK","HK0013000119",,,,,"NR",,,"(22.396428, 114.109497)"
"Accenture","21318","Ireland","2012","ACN US","IE00B4BNMY34","93","B",,"Public","AQ*","12098","222168","(53.41291, -8.24389)"
"Las Vegas Sands Corporation","10494","USA","2012","LVS US","US5178341070","83","C",,"Not public","AQ*",,,"(37.09024, -95.712891)"
"Texas Instruments Incorporated","18640","USA","2012","TXN US","US8825081040","61","D",,"Public","AQ*","897759","1481735","(37.09024, -95.712891)"
"Telenor Group","18435","Norway","2012","TEL NO","NO0010063308","76","C",,"Public","AQ*","283480","816205","(60.472024, 8.468946)"
"Intel Corporation","9298","USA","2012","INTC US","US4581401001","88","A",,"Public","AQ*","885416","2214130","(37.09024, -95.712891)"
"British American Tobacco","2269","United Kingdom","2012","BATS LN","GB0002875804","86","B",,"Public","AQ*","355410","373680","(55.378051, -3.435973)"
"ENEL SpA","5574","Italy","2012","ENEL IM","IT0003128367","92","B",,"Public","AQ*","123540189","331641","(41.87194, 12.56738)"
"Astellas Pharma Inc.","1051","Japan","2012","4503 JP","JP3942400007","70","B",,"Public","AQ*","89424.82","99721.47","(36.204824, 138.252924)"
"Vinci","20205","France","2012","DG FP","FR0000125486","80","C",,"Public","AQ*","2068019","234440","(46.227638, 2.213749)"
"Williams Companies, Inc.","20705","USA","2012","WMB US","US9694571004",,,,"Not public","DP",,,"(37.09024, -95.712891)"
"TD Bank Group","19241","Canada","2012","TD CN","CA8911605092","78","B",,"Public","AQ*","47265","174754","(56.130366, -106.346771)"
"EMC Corporation","5395","USA","2012","EMC US","US2686481027","91","B",,"Public","AQ*","34987","349210","(37.09024, -95.712891)"
"Royal Philips","14709","Netherlands","2012","PHIA NA","NL0000009538","98","A-",,"Public","AQ*","430603","427322","(52.132633, 5.291266)"
"Johnson Controls","9831","USA","2012","JCI US","US4783661071","92","B",,"Public","AQ*","831783","1542453","(37.09024, -95.712891)"
"HCP Inc.","23217","USA","2012","HCP US","US40414L1098","77","D",,"Public","AQ*","25694","207500","(37.09024, -95.712891)"
"Wesfarmers","20592","Australia","2012","WES AU","AU000000WES1","77","B",,"Public","AQ*","3069669","3090631","(-25.274398, 133.775136)"
"CIMB Group Holdings","21414","Malaysia","2012","CIMB MK","MYL1023OO000",,,,,"NR",,,"(4.210484, 101.975766)"
"Ping An Insurance Company of China","14780","China","2012","2318 HK","CNE1000003X6",,,,"Public","AQ*",,,"(35.86166, 104.195397)"
"Commonwealth Bank of Australia","3649","Australia","2012","CBA AU","AU000000CBA7","88","B",,"Public","AQ*","13289","220179","(-25.274398, 133.775136)"
"Prudential PLC","15283","United Kingdom","2012","PRU LN","GB0007099541","64","D",,"Public","AQ*","13725","123856","(55.378051, -3.435973)"
"U.S. Bancorp","19593","USA","2012","USB US","US9029733048","77","C",,"Public","AQ*","45725","385661","(37.09024, -95.712891)"
"General Motors Company","7164","USA","2012","GM US","US37045V1008","87","B",,"Public","AQ*","2310819","5329095","(37.09024, -95.712891)"
"Deutsche Telekom AG","4667","Germany","2012","DTE GR","DE0005557508","81","C",,"Public","AQ*","414565","3041004","(51.165691, 10.451526)"
"Bank Central Asia","21417","Indonesia","2012","BBCA IJ","ID1000109507",,,,,"NR",,,"(-0.789275, 113.921327)"
"BCE Inc.","1616","Canada","2012","BCE CN","CA05534B7604","74","C",,"Public","AQ*","85598","129431","(56.130366, -106.346771)"
"MMC Norilsk Nickel OSJC","7574","Russia","2012","GMKN RU","RU0007288411",,,,,"NR",,,"(61.52401, 105.318756)"
"American Express","692","USA","2012","AXP US","US0258161092","89","B",,"Public","AQ*","35313.09","195839.5","(37.09024, -95.712891)"
"MasterCard Incorporated","11421","USA","2012","MA US","US57636Q1040","39",,,"Not public","AQ*",,,"(37.09024, -95.712891)"
"Dominion Resources, Inc.","4832","USA","2012","D US","US25746U1097","78","C",,"Public","AQ*","56812875","256934","(37.09024, -95.712891)"
"Suncor Energy Inc.","17929","Canada","2012","SU CN","CA8672241079","84","B",,"Public","AQ*","16600796","2138681","(56.130366, -106.346771)"
"Cenovus Energy Inc.","29789","Canada","2012","CVE CN","CA15135U1093","79","C",,"Public","AQ*","4025530","1054757","(56.130366, -106.346771)"
"Oracle Corporation","14013","USA","2012","ORCL US","US68389X1054","61","D",,"Not public","AQ*",,,"(37.09024, -95.712891)"
"Statoil ASA","23132","Norway","2012","STL NO","NO0010096985","75","C",,"Public","AQ*","14347351","462838","(60.472024, 8.468946)"
"Koninklijke KPN NV (Royal KPN)","15994","Netherlands","2012","KPN NA","NL0000009082","94","A",,"Public","AQ*","68654","480951","(52.132633, 5.291266)"
"NIKE Inc.","13279","USA","2012","NKE US","US6541061031","69","D",,"Public","AQ*","8000","76700","(37.09024, -95.712891)"
"Bank of America","1452","USA","2012","BAC US","US0605051046","93","A",,"Public","AQ*","110005","1599885","(37.09024, -95.712891)"
"Bharti Airtel","1804","India","2012","BHARTI IN","INE397D01024",,,,,"NR",,,"(20.593684, 78.96288)"
"Goldman Sachs Group Inc.","7599","USA","2012","GS US","US38141G1040","95","B",,"Public","AQ*","11787","321641","(37.09024, -95.712891)"
"Fast Retailing Co., Ltd.","6161","Japan","2012","9983 JP","JP3802300008",,,,,"NR",,,"(36.204824, 138.252924)"
"Formosa Plastics Corp","35462","Taiwan","2012","1301 TT","TW0001301000",,,,,"NR",,,"(23.69781, 120.960515)"
"Panasonic Corporation","14292","Japan","2012","6752 JP","JP3866800000","96","A",,"Public","AQ*","743722","2930368","(36.204824, 138.252924)"
"The Home Depot, Inc.","8526","USA","2012","HD US","US4370761029","95","B",,"Public","AQ*","281083","2738927","(37.09024, -95.712891)"
"America Movil","645","Mexico","2012","AMXL MM","MXP001691213",,,,,"NR",,,"(23.634501, -102.552784)"
"Rosneft","15969","Russia","2012","ROSN RM","RU000A0J2Q06",,,,,"NR",,,"(61.52401, 105.318756)"
"Union Pacific Corporation","19845","USA","2012","UNP US","US9078181081","87","B",,"Public","AQ*","11854279","410738","(37.09024, -95.712891)"
"Consolidated Edison, Inc.","3776","USA","2012","ED US","US2091151041","92","B",,"Public","AQ*","3370542","1142721","(37.09024, -95.712891)"
"Pfizer Inc.","14683","USA","2012","PFE US","US7170811035","87","A",,"Public","AQ*","1402528","1256664","(37.09024, -95.712891)"
"Ventas Inc","22873","USA","2012","VTR US","US92276F1003","28",,,"Not public","AQ*",,,"(37.09024, -95.712891)"
"Public Storage","15279","USA","2012","PSA US","US74460D1090",,,,,"NR",,,"(37.09024, -95.712891)"
"Arcelor Mittal","904","Luxembourg","2012","MT NA","LU0323134006","85","C",,"Public","AQ*","162028000","17902000","(49.815273, 6.129583)"
"Petróleo Brasileiro SA - Petrobras","14654","Brazil","2012","PETR4 BZ","BRPETRACNPR6","83","C",,"Public","AQ*","54931167.41","1269019.44","(-14.235004, -51.92528)"
"E.ON SE","5108","Germany","2012","EOAN GR","DE000ENAG999","78","C",,"Public","AQ*","129240270","5656070","(51.165691, 10.451526)"
"Allergan, Inc.","533","USA","2012","AGN US","US0184901025","90","A",,"Public","AQ*","45309","51744","(37.09024, -95.712891)"
"BNP Paribas","1907","France","2012","BNP FP","FR0000131104","86","C",,"Public","AQ*","82995","422049","(46.227638, 2.213749)"
"Exxon Mobil Corporation","6136","USA","2012","XOM US","US30231G1022","75","C",,"Public","AQ*","136000000","14000000","(37.09024, -95.712891)"
"Schlumberger Limited","16418","USA","2012","SLB US","AN8068571086","92","C",,"Public","AQ*","1761333","341824","(37.09024, -95.712891)"
"Nissan Motor Co., Ltd.","13363","Japan","2012","7201 JP","JP3672400003","92","C",,"Public","AQ*","1017943","2041221","(36.204824, 138.252924)"
"Time Warner Cable Inc.","19120","USA","2012","TWC US","US88732J2078",,,,"Not public","DP",,,"(37.09024, -95.712891)"
"Deutsche Bank AG","4645","Germany","2012","DBK GR","DE0005140008","90","A",,"Public","AQ*","25073","304943","(51.165691, 10.451526)"
"Yahoo! Inc.","20905","USA","2012","YHOO US","US9843321061","59","D",,"Public","AQ*","4000","397397","(37.09024, -95.712891)"
"Baker Hughes Incorporated","1356","USA","2012","BHI US","US0572241075","66","D",,"Public","AQ*","485000","430000","(37.09024, -95.712891)"
"Itochu Corporation","9530","Japan","2012","8001 JP","JP3143600009","61","D",,"Not public","AQ*",,,"(36.204824, 138.252924)"
"United Technologies Corporation","19859","USA","2012","UTX US","US9130171096","70","C",,"Public","AQ*","856354","915866","(37.09024, -95.712891)"
"ICICI Bank Limited","8776","India","2012","ICICIBC IN","INE090A01013","74",,,"Public","AQ*","3414.66","63989.43","(20.593684, 78.96288)"
"Tokio Marine Holdings, Inc.","19184","Japan","2012","8766 JP","JP3910660004","75","D",,"Public","AQ*","18013","52665","(36.204824, 138.252924)"
"CEZ","3082","Czech Republic","2012","CEZ CP","CZ0005112300",,,,"Not public","DP",,,"(49.817492, 15.472962)"
"Reliance Industries","15635","India","2012","RIL IN","INE002A01018",,,,"Not public","DP",,,"(20.593684, 78.96288)"
"Canadian Natural Resources Limited","2667","Canada","2012","CNQ CN","CA1363851017","38",,,"Public","AQ*","14833951","1783892","(56.130366, -106.346771)"
"Walgreen Company","20398","USA","2012","WAG US","US9314221097","79","C",,"Not public","AQ*",,,"(37.09024, -95.712891)"
"Grupo Elektra SA De Cv","23092","Mexico","2012","ELEKTRA* MM","MX01EL000003",,,,,"NR",,,"(23.634501, -102.552784)"
"Xstrata","20903","Switzerland","2012","XTA LN","GB0031411001","85","C",,"Not public","AQ*",,,"(46.818188, 8.227512)"
"Hon Hai Precision Industry","21422","Taiwan","2012","2317 TT","TW0002317005",,,"Foxconn International Holdings",,"SA",,,"(23.69781, 120.960515)"
"China Life Insurance Company Limited","22650","China","2012","601628 CH","CNE000001Q93",,,,,"NR",,,"(35.86166, 104.195397)"
"Rogers Communications Inc.","15916","Canada","2012","RCI/B CN","CA7751092007","66","D",,"Public","AQ*","36443","115201","(56.130366, -106.346771)"
"Novartis","13524","Switzerland","2012","NOVN VX","CH0012005267","91","B",,"Public","AQ*","657416","1049705","(46.818188, 8.227512)"
"Australia and New Zealand Banking Group","1187","Australia","2012","ANZ AU","AU000000ANZ3","87","B",,"Public","AQ*","18202","206220","(-25.274398, 133.775136)"
"National Grid","12832","United Kingdom","2012","NG/ LN","GB00B08SNH34","78","C",,"Public","AQ*","8328345","319180","(55.378051, -3.435973)"
"Anheuser Busch InBev","22350","Belgium","2012","ABI BB","BE0003793107","79","B",,"Public","AQ*","2720446","1647297","(50.503887, 4.469936)"
"Kellogg Company","10056","USA","2012","K US","US4878361082","81","C",,"Public","AQ*","566988","722411","(37.09024, -95.712891)"
"Ecopetrol Sa","22341","Colombia","2012","ECOPETL CB","COC04PA00016","45",,,"Public","AQ*","6919507","209881","(4.570868, -74.297333)"
"Priceline.Com Inc","22321","USA","2012","PCLN US","US7415034039",,,,,"NR",,,"(37.09024, -95.712891)"
"Shin-Etsu Chemical Co., Ltd.","16839","Japan","2012","4063 JP","JP3371200001","44",,,"Public","AQ*","1528537","2735102","(36.204824, 138.252924)"
"Fresenius Medical Care AG & Co. KGaA","22171","Germany","2012","FME GR","DE0005785802","55","E",,"Not public","AQ*",,,"(51.165691, 10.451526)"
"Bank Rakyat Indonesia","21416","Indonesia","2012","BBRI IJ","ID1000118201",,,,,"NR",,,"(-0.789275, 113.921327)"
"Citigroup Inc.","3398","USA","2012","C US","US1729674242","80","B",,"Public","AQ*","36750.52","1039178.2","(37.09024, -95.712891)"
"Souza Cruz S.A.","17442","Brazil","2012","CRUZ3 BZ","BRCRUZACNOR0",,,"British American Tobacco",,"SA",,,"(-14.235004, -51.92528)"
"Ericsson","5811","Sweden","2012","ERICB SS","SE0000108656","74","C",,"Public","AQ*","31835","227764","(60.128161, 18.643501)"
"DBS Group Holdings","4315","Singapore","2012","DBS SP","SG1L01001701",,,,,"NR",,,"(1.352083, 103.819836)"
"Swisscom","18124","Switzerland","2012","SCMN VX","CH0008742519","85","B",,"Public","AQ*","23242","33677","(46.818188, 8.227512)"
"Anglo American","772","United Kingdom","2012","AAL LN","GB00B1XZS820","94","A",,"Public","AQ*","9361858","9482604","(55.378051, -3.435973)"
"Air Liquide","432","France","2012","AI FP","FR0000120073","82","C",,"Public","AQ*","10549000","9994000","(46.227638, 2.213749)"
"Boeing Company","2017","USA","2012","BA US","US0970231058","89","B",,"Public","AQ*","718000","1075000","(37.09024, -95.712891)"
"Mitsubishi Electric Corporation","12144","Japan","2012","6503 JP","JP3902400005","60","D",,"Public","AQ*","362000","814000","(36.204824, 138.252924)"
"Coal India","31913","India","2012","COAL IN","INE522F01014",,,,,"NR",,,"(20.593684, 78.96288)"
"BASF SE","1516","Germany","2012","BAS GR","DE000BASF111","99","A",,"Public","AQ*","20920000","4879000","(51.165691, 10.451526)"
"Saint-Gobain","16151","France","2012","SGO FP","FR0000125007","95","B",,"Public","AQ*","14126000","4963000","(46.227638, 2.213749)"
"Inditex","9031","Spain","2012","ITX SM","ES0148396015","81","B",,"Public","AQ*","21919","291413","(40.463667, -3.74922)"
"Intuitive Surgical Inc.","9367","USA","2012","ISRG US","US46120E6023",,,,,"NR",,,"(37.09024, -95.712891)"
"Telstra Corporation","18519","Australia","2012","TLS AU","AU000000TLS2","84","B",,"Public","AQ*","55137","1359125","(-25.274398, 133.775136)"
"Halliburton Company","8027","USA","2012","HAL US","US4062161017","72","D",,"Public","AQ*","4246608","152519","(37.09024, -95.712891)"
"Volkswagen AG","20309","Germany","2012","VOW3 GR","DE0007664039","93","B",,"Not public","AQ*",,,"(51.165691, 10.451526)"
"Lockheed Martin Corporation","10820","USA","2012","LMT US","US5398301094","93","A",,"Public","AQ*","309529","1011104","(37.09024, -95.712891)"
"SAP AG","16339","Germany","2012","SAP GR","DE0007164600","90","B",,"Public","AQ*","145236","140611","(51.165691, 10.451526)"
"Power Assets Holdings Limited","8559","Hong Kong","2012","6 HK","HK0006000050","99","B",,"Public","AQ*","8631000",,"(22.396428, 114.109497)"
"Brookfield Asset Management Inc.","2330","Canada","2012","BAM/A CN","CA1125851040","63","D",,"Public","AQ*","201794","529504","(56.130366, -106.346771)"
"Hewlett-Packard","23195","USA","2012","HPQ US","US4282361033","92","B",,"Public","AQ*","276449","1724377","(37.09024, -95.712891)"
"MetLife, Inc.","11796","USA","2012","MET US","US59156R1086","84","C",,"Public","AQ*","10598","15486","(37.09024, -95.712891)"
"Dow Chemical Company","4826","USA","2012","DOW US","US2605431038","91","B",,"Public","AQ*","28130000","9021000","(37.09024, -95.712891)"
"Munich Re","12611","Germany","2012","MUV2 GR","DE0008430026","82","C",,"Public","AQ*","90199","101381","(51.165691, 10.451526)"
"Time Warner Inc.","19119","USA","2012","TWX US","US8873173038","48",,,"Public","AQ*","24635","209154","(37.09024, -95.712891)"
"Noble Energy, Inc.","13395","USA","2012","NBL US","US6550441058","75","C",,"Public","AQ*","2045300","75800","(37.09024, -95.712891)"
"TeliaSonera","18430","Sweden","2012","TLSN SS","SE0000667925","69","D",,"Public","AQ*","39370","228355","(60.128161, 18.643501)"
"Stryker Corporation","17815","USA","2012","SYK US","US8636671013",,,,"Not public","DP",,,"(37.09024, -95.712891)"
"Astra International","1053","Indonesia","2012","ASII IJ","ID1000122807","11",,,"Not public","AQ*",,,"(-0.789275, 113.921327)"
"Eni SpA","5634","Italy","2012","ENI IM","IT0003132476","91","A",,"Public","AQ*","51099412","1190860","(41.87194, 12.56738)"
"Komatsu Ltd.","10239","Japan","2012","6301 JP","JP3304200003","83","D",,"Public","AQ*","147696","424186","(36.204824, 138.252924)"
"Devon Energy Corporation","4678","USA","2012","DVN US","US25179M1036","76","C",,"Public","AQ*","7232882","1009209","(37.09024, -95.712891)"
"Apple Inc.","865","USA","2012","AAPL US","US0378331005",,,,"Not public","DP",,,"(37.09024, -95.712891)"
"Bank of China","1451","China","2012","3988 HK","CNE1000001Z5",,,,,"NR",,,"(35.86166, 104.195397)"
"Standard Chartered","17624","United Kingdom","2012","STAN LN","GB0004082847","92","B",,"Public","AQ*","10643","239813","(55.378051, -3.435973)"
"GDF Suez","7121","France","2012","GSZ FP","FR0010208488","92","B",,"Public","AQ*","156899254","3357343","(46.227638, 2.213749)"
"Fortum Oyj","6582","Finland","2012","FUM1V FH","FI0009007132","98","B",,"Public","AQ*","23700000","206000","(61.92411, 25.748151)"
"American International Group, Inc.","699","USA","2012","AIG US","US0268747849","14",,,"Public","AQ*",,,"(37.09024, -95.712891)"
"Taiwan Semiconductor Manufacturing","18280","Taiwan","2012","2330 TT","TW0002330008","76","B",,"Public","AQ*","1375110","2911107","(23.69781, 120.960515)"
"L'Oréal","10389","France","2012","OR FP","FR0000120321","94","B",,"Public","AQ*","71012","121627","(46.227638, 2.213749)"
"Royal Dutch Shell","16012","Netherlands","2012","RDSA NA","GB00B03MLX29","89","B",,"Public","AQ*","74000000","10000000","(52.132633, 5.291266)"
"National Oilwell Varco, Inc.","12843","USA","2012","NOV US","US6370711011",,,,,"NR",,,"(37.09024, -95.712891)"
"HDFC Bank Ltd","8167","India","2012","HDFCB IN","INE040A01026","71",,"Housing Development Finance Corporation","Public","AQ*","4880","271542","(20.593684, 78.96288)"
"Oil & Natural Gas","13823","India","2012","ONGC IN","INE213A01029",,,,,"NR",,,"(20.593684, 78.96288)"
"China Telecom","3244","China","2012","728 HK","CNE1000002V2",,,,"Not public","AQ*",,,"(35.86166, 104.195397)"
"ING Group","9033","Netherlands","2012","INGA NA","NL0000303600","93","B",,"Public","AQ*","28040","201076","(52.132633, 5.291266)"
"International Business Machines (IBM)","9284","USA","2012","IBM US","US4592001014","86","B",,"Public","AQ*","535387","2199567","(37.09024, -95.712891)"
"Ace Ltd.","21320","Switzerland","2012","ACE US","CH0044328745","94","A",,"Public","AQ*","12866","39609","(46.818188, 8.227512)"
"Mizuho Financial Group, Inc.","12291","Japan","2012","8411 JP","JP3885780001","85","A",,"Public","AQ*","17629.63","169258.79","(36.204824, 138.252924)"
"ConocoPhillips","3751","USA","2012","COP US","US20825C1045","81","C",,"Public","AQ*","59400000","10800000","(37.09024, -95.712891)"
"Daimler AG","4235","Germany","2012","DAI GR","DE0007100000","99","A-",,"Public","AQ*","1016389","2502861","(51.165691, 10.451526)"
"Picc Property & Casualty","23051","China","2012","2328 HK","CNE100000593",,,,,"NR",,,"(35.86166, 104.195397)"
"LG Chem","10667","South Korea","2012","051910 KS","KR7051910008","93","B",,"Public","AQ*","4207796","1679829","(35.907757, 127.766922)"
"Public Service Enterprise Group Inc.","15271","USA","2012","PEG US","US7445731067",,,,"Not public","DP",,,"(37.09024, -95.712891)"
"Bristol-Myers Squibb","2191","USA","2012","BMY US","US1101221083","89","B",,"Public","AQ*","279981","266968","(37.09024, -95.712891)"
"Gilead Sciences, Inc.","7345","USA","2012","GILD US","US3755581036","96","B",,"Public","AQ*","30472","35014","(37.09024, -95.712891)"
"Teva Pharmaceutical Industries Ltd","18586","Israel","2012","TEVA IT","IL0006290147","69","D",,"Public","AQ*","210684","489745","(31.046051, 34.851612)"
"Visa","22867","USA","2012","V US","US92826C8394","51","E",,"Not public","AQ*",,,"(37.09024, -95.712891)"
"Southern Copper Corporation","17435","Peru","2012","SCCO PE","US84265V1052",,,,,"DP",,,"(-9.189967, -75.015152)"
"Celgene Corporation","2982","USA","2012","CELG US","US1510201049","54","C",,"Public","AQ*","7232","18761","(37.09024, -95.712891)"
"McDonald's Corporation","11581","USA","2012","MCD US","US5801351017","63","D",,"Not public","AQ*",,,"(37.09024, -95.712891)"
"Surgutneftegas","18032","Russia","2012","SNGSP RM","RU0009029524",,,,"Not public","AQ",,,"(61.52401, 105.318756)"
"Simon Property Group","17069","USA","2012","SPG US","US8288061091","92","B",,"Public","AQ*","22605","561403","(37.09024, -95.712891)"
"United Overseas Bank","19894","Singapore","2012","UOB SP","SG1M31001969",,,,"Not public","DP",,,"(1.352083, 103.819836)"
"Pearson","14526","United Kingdom","2012","PSON LN","GB0006776081","65","D",,"Public","AQ*","35806","114730","(55.378051, -3.435973)"
"Teck Resources Limited","21481","Canada","2012","TCK/B CN","CA8787422044","88","B",,"Public","AQ*","2655347","299348","(56.130366, -106.346771)"
"UBS","22416","Switzerland","2012","UBSN VX","CH0024899483","97","A",,"Public","AQ*","25235","227978","(46.818188, 8.227512)"
"Credit Suisse","4035","Switzerland","2012","CSGN VX","CH0012138530","85","B",,"Public","AQ*","17812","224427","(46.818188, 8.227512)"
"Banco Santander Brasil","31393","Brazil","2012","SANB3 BZ","BRSANBACNOR8","83","B",,"Public","AQ*","7492.09","9331.5","(-14.235004, -51.92528)"
"Ambev - Cia de Bebidas das Américas","667","Brazil","2012","AMBV4 BZ","BRAMBVACNPR1","69","D",,"Public","AQ*","775768","185564","(-14.235004, -51.92528)"
"Emerson Electric Co.","5521","USA","2012","EMR US","US2910111044","9",,,"Public","AQ*","289470",,"(37.09024, -95.712891)"
"Goodrich Corporation","7603","USA","2012","GR US","US3823881061",,,,,"NR",,,"(37.09024, -95.712891)"
"BHP Billiton","1808","United Kingdom","2012","BHP AU","AU000000BHP4","71","B",,"Public","AQ*","19863000","20963000","(55.378051, -3.435973)"
"BBVA","1613","Spain","2012","BBVA SM","ES0113211835","80","C",,"Public","AQ*","9964","335559","(40.463667, -3.74922)"
"FedEx Corporation","6287","USA","2012","FDX US","US31428X1063","70","D",,"Public","AQ*","13802445","989874","(37.09024, -95.712891)"
"LyondellBasell Industries Cl A","11085","Netherlands","2012","DLY GR","NL0009434992",,,,,"NR",,,"(52.132633, 5.291266)"
"The Southern Company","18951","USA","2012","SO US","US8425871071","48",,,"Public","AQ*","121000000",,"(37.09024, -95.712891)"
"Rolls-Royce","15941","United Kingdom","2012","RR/ LN","GB00B63H8491","72","B",,"Public","AQ*","224500","344383","(55.378051, -3.435973)"
"Carnival Corporation","2870","United Kingdom","2012","CCL US","PA1436583006","84","B",,"Public","AQ*","10949844","53228","(55.378051, -3.435973)"
"Chunghwa Telecom","3320","Taiwan","2012","2412 TT","TW0002412004","70","E",,"Public","AQ*","25322.42","885556.12","(23.69781, 120.960515)"
"Johnson & Johnson","9829","USA","2012","JNJ US","US4781601046","93","B",,"Public","AQ*","329669","891562","(37.09024, -95.712891)"
"Hyundai Heavy Industries","8697","South Korea","2012","009540 KS","KR7009540006",,,,,"NR",,,"(35.907757, 127.766922)"
"NTPC Ltd","12857","India","2012","NTPC IN","INE733E01010",,,,"Not public","DP",,,"(20.593684, 78.96288)"
"Wells Fargo & Company","20575","USA","2012","WFC US","US9497461015","95","A",,"Public","AQ*","105454","1495594","(37.09024, -95.712891)"
"Petronas Chemicals Group Berhad","37105","Malaysia","2012","PCHEM MK","MYL5183OO008",,,,,"NR",,,"(4.210484, 101.975766)"
"Comcast Corporation","3635","USA","2012","CMCSA US","US20030N1019",,,,"Not public","DP",,,"(37.09024, -95.712891)"
"Vale","20050","Brazil","2012","VALE3 BZ","BRVALEACNOR0","88","C",,"Public","AQ*","16026693.27","876774.38","(-14.235004, -51.92528)"
"Prudential Financial, Inc.","15306","USA","2012","PRU US","US7443201022","47",,,"Public","AQ*","6052","72323","(37.09024, -95.712891)"
"BT Group","2377","United Kingdom","2012","BT/A LN","GB0030913577","88","B",,"Public","AQ*","196290","1301734","(55.378051, -3.435973)"
"NextEra Energy, Inc.","6672","USA","2012","NEE US","US65339F1012",,,,"Not public","DP",,,"(37.09024, -95.712891)"
"Hindustan Unilever","8359","India","2012","HUVR IN","INE030A01027",,,"Unilever plc",,"SA",,,"(20.593684, 78.96288)"
"Wilmar International Limited","20664","Singapore","2012","WIL SP","SG1T56930848",,,,,"NR",,,"(1.352083, 103.819836)"
"Hong Kong Exchanges & Clearing","8560","Hong Kong","2012","388 HK","HK0388045442","79","D",,"Not public","AQ*",,,"(22.396428, 114.109497)"
"Yahoo Japan Corporation","20906","Japan","2012","4689 JP","JP3933800009","17",,,"Not public","AQ*",,,"(36.204824, 138.252924)"
"TransCanada Corporation","19304","Canada","2012","TRP CN","CA89353D1078","83","C",,"Public","AQ*","12064325","177621","(56.130366, -106.346771)"
"Repsol","15669","Spain","2012","REP SM","ES0173516115","98","A-",,"Public","AQ*","23138229","1558287","(40.463667, -3.74922)"
"Illinois Tool Works, Inc.","8858","USA","2012","ITW US","US4523081093","76","E",,"Not public","AQ*",,,"(37.09024, -95.712891)"
"Chesapeake Energy Corporation","3185","USA","2012","CHK US","US1651671075",,,,"Not public","DP",,,"(37.09024, -95.712891)"
